Model,Phase,Accuracy,Top5_Acc,Precision,Recall,F1-Score,Test_Samples,Misclassified,Error_Rate_%,Combined_Score,Overall_Rank
EfficientNetB0,2,0.9991975308641975,0.9999691358024692,0.9991992213092327,0.9991975308641975,0.9991976709330578,32400,26,0.08024691358024691,2.4983797696984897,1
InceptionV3,2,0.9989197530864198,0.9999691358024692,0.9989221830783606,0.9989197530864198,0.9989198919831167,32400,35,0.10802469135802469,2.497824212970771,2
ResNet50,2,0.9979938271604938,0.9999382716049383,0.9980086671651154,0.9979938271604938,0.9979939880767132,32400,65,0.2006172839506173,2.495956951039676,3
EfficientNetB0,1,0.9612345679012345,0.9964814814814815,0.9617723571157735,0.9612345679012345,0.9612889045919366,32400,1256,3.8765432098765427,2.420764213233912,4
ResNet50,1,0.9513271604938272,0.9967592592592592,0.9527408050325743,0.9513271604938272,0.9515629913358403,32400,1577,4.867283950617284,2.401269781459297,5
InceptionV3,1,0.8064814814814815,0.9698765432098766,0.8306005624276899,0.8064814814814815,0.8086508298833677,32400,6270,19.35185185185185,2.100070582969787,6
